{"chunk_definitions":[{"row":10,"row_count":1,"visible":true,"expansion_state":0,"options":{"engine":"r","label":"setup","include":false,"dev":"png"},"document_id":"46C2D0D4","chunk_id":"csetup_chunk","chunk_label":"setup"},{"row":15,"row_count":1,"visible":true,"expansion_state":0,"options":{"engine":"r","label":"unnamed-chunk-8","dev":"png"},"document_id":"46C2D0D4","chunk_id":"cw99qdbzhcvod","chunk_label":"unnamed-chunk-1"},{"row":26,"row_count":1,"visible":true,"expansion_state":0,"options":{"engine":"r","label":"unnamed-chunk-9","dev":"png"},"document_id":"46C2D0D4","chunk_id":"c5stzcf79ei3l","chunk_label":"unnamed-chunk-2"},{"row":36,"row_count":1,"visible":true,"expansion_state":0,"options":{"engine":"r","label":"unnamed-chunk-10","dev":"png"},"document_id":"46C2D0D4","chunk_id":"c8opg2m2u87vx","chunk_label":"unnamed-chunk-3"},{"row":60,"row_count":1,"visible":true,"expansion_state":0,"options":{"engine":"r","label":"unnamed-chunk-6","dev":"png"},"document_id":"46C2D0D4","chunk_id":"c6c82wka11ap4","chunk_label":"unnamed-chunk-4"},{"row":74,"row_count":1,"visible":true,"expansion_state":0,"options":{"engine":"r","label":"unnamed-chunk-7","dev":"png"},"document_id":"46C2D0D4","chunk_id":"c02cswp5pjr6z","chunk_label":"unnamed-chunk-5"},{"row":85,"row_count":1,"visible":true,"expansion_state":0,"options":{"engine":"r","label":"unnamed-chunk-8","dev":"png"},"document_id":"46C2D0D4","chunk_id":"cymzpuetcdkyv","chunk_label":"unnamed-chunk-6"},{"row":92,"row_count":1,"visible":true,"expansion_state":0,"options":{"engine":"r","label":"unnamed-chunk-9","dev":"png"},"document_id":"46C2D0D4","chunk_id":"chfvafhcum3tu","chunk_label":"unnamed-chunk-7"},{"row":133,"row_count":1,"visible":true,"expansion_state":0,"options":{"engine":"r","label":"unnamed-chunk-51","dev":"png"},"document_id":"46C2D0D4","chunk_id":"clf7evj8d4jda","chunk_label":"unnamed-chunk-8"},{"row":138,"row_count":1,"visible":true,"expansion_state":0,"options":{"engine":"r","label":"unnamed-chunk-52","dev":"png"},"document_id":"46C2D0D4","chunk_id":"coercybhly5ar","chunk_label":"unnamed-chunk-9"},{"row":208,"row_count":1,"visible":true,"expansion_state":0,"options":{"engine":"r","label":"unnamed-chunk-15","dev":"png"},"document_id":"46C2D0D4","chunk_id":"cqck2cjxb72s6","chunk_label":"unnamed-chunk-12"},{"row":245,"row_count":1,"visible":true,"expansion_state":0,"options":{"engine":"r","label":"unnamed-chunk-16","dev":"png"},"document_id":"46C2D0D4","chunk_id":"c2vhgv833f2o1","chunk_label":"unnamed-chunk-15"}],"doc_write_time":1714533219,"working_dir":null,"default_chunk_options":{"error":false,"echo":true,"warning":false,"message":false}}