{"chunk_definitions":[{"row":11,"row_count":1,"visible":true,"expansion_state":0,"options":{"engine":"r","label":"setup","include":false,"dev":"png"},"document_id":"46C2D0D4","chunk_id":"csetup_chunk","chunk_label":"setup"},{"row":19,"row_count":1,"visible":true,"expansion_state":0,"options":{"engine":"r","label":"unnamed-chunk-3","dev":"png"},"document_id":"46C2D0D4","chunk_id":"cfq1cmi8osmsg","chunk_label":"unnamed-chunk-1"},{"row":29,"row_count":1,"visible":true,"expansion_state":0,"options":{"engine":"r","label":"unnamed-chunk-4","dev":"png"},"document_id":"46C2D0D4","chunk_id":"c5stzcf79ei3l","chunk_label":"unnamed-chunk-2"},{"row":72,"row_count":1,"visible":true,"expansion_state":0,"options":{"engine":"r","label":"unnamed-chunk-5","dev":"png"},"document_id":"46C2D0D4","chunk_id":"cocd9y4b2tsfp","chunk_label":"unnamed-chunk-3"},{"row":82,"row_count":1,"visible":true,"expansion_state":0,"options":{"engine":"r","label":"unnamed-chunk-6","dev":"png"},"document_id":"46C2D0D4","chunk_id":"cp7wuls5wm7do","chunk_label":"unnamed-chunk-4"},{"row":90,"row_count":1,"visible":true,"expansion_state":0,"options":{"engine":"r","label":"unnamed-chunk-7","dev":"png"},"document_id":"46C2D0D4","chunk_id":"crhgmtrigjode","chunk_label":"unnamed-chunk-5"},{"row":131,"row_count":1,"visible":true,"expansion_state":0,"options":{"engine":"r","label":"unnamed-chunk-8","dev":"png"},"document_id":"46C2D0D4","chunk_id":"cz1615d6q55ku","chunk_label":"unnamed-chunk-6"},{"row":142,"row_count":1,"visible":true,"expansion_state":0,"options":{"engine":"r","label":"unnamed-chunk-9","dev":"png"},"document_id":"46C2D0D4","chunk_id":"cw3jtrrrnpb20","chunk_label":"unnamed-chunk-7"},{"row":150,"row_count":1,"visible":true,"expansion_state":0,"options":{"engine":"r","label":"unnamed-chunk-10","dev":"png"},"document_id":"46C2D0D4","chunk_id":"cio9gytxwzm7w","chunk_label":"unnamed-chunk-8"},{"row":189,"row_count":1,"visible":true,"expansion_state":0,"options":{"engine":"r","label":"unnamed-chunk-11","dev":"png"},"document_id":"46C2D0D4","chunk_id":"ci2owxrw40jpr","chunk_label":"unnamed-chunk-9"},{"row":200,"row_count":1,"visible":true,"expansion_state":0,"options":{"engine":"r","label":"unnamed-chunk-12","dev":"png"},"document_id":"46C2D0D4","chunk_id":"crmv56ljf9az9","chunk_label":"unnamed-chunk-10"},{"row":207,"row_count":1,"visible":true,"expansion_state":0,"options":{"engine":"r","label":"unnamed-chunk-13","dev":"png"},"document_id":"46C2D0D4","chunk_id":"chy5du5qipf2h","chunk_label":"unnamed-chunk-11"},{"row":252,"row_count":1,"visible":true,"expansion_state":0,"options":{"engine":"r","label":"unnamed-chunk-51","dev":"png"},"document_id":"46C2D0D4","chunk_id":"cpc5hi1fl1fes","chunk_label":"unnamed-chunk-12"},{"row":292,"row_count":1,"visible":true,"expansion_state":0,"options":{"engine":"r","label":"unnamed-chunk-24","dev":"png"},"document_id":"46C2D0D4","chunk_id":"c75p553yfzxry","chunk_label":"unnamed-chunk-13"}],"doc_write_time":1714552777,"working_dir":null,"default_chunk_options":{"error":false,"echo":true,"warning":false,"message":false}}