"0","base_tp2$formation=recode_factor(base_tp2$formation,"
"0","          '1'=""Non scolarisé"","
"0","           '2'=""Elémentaire"","
"0","           '3'=""Moyen"","
"0","           '4'=""Secondaire"","
"0","           '5'=""Licence"","
"0","           '6'=""Master"","
"0","           '7'=""Doctorat"","
"0","           '99'=""Ne sait pas """
"0","           )"
"0","view(base_tp2)"
"0","class(base_tp2$formation)"
"1","[1]"
"1"," ""factor"""
"1","
"
"0","levels(base_tp2$formation)"
"1","[1]"
"1"," ""Non scolarisé"""
"1"," ""Elémentaire""  "
"1"," ""Moyen""        "
"1","
"
"1","[4]"
"1"," ""Secondaire""   "
"1"," ""Licence""      "
"1"," ""Ne sait pas "" "
"1","
"
