{"chunk_definitions":[{"row":10,"row_count":1,"visible":true,"expansion_state":0,"options":{"engine":"r","label":"setup","include":false,"dev":"png"},"document_id":"46C2D0D4","chunk_id":"csetup_chunk","chunk_label":"setup"},{"row":16,"row_count":1,"visible":true,"expansion_state":0,"options":{"engine":"r","label":"unnamed-chunk-137","dev":"png"},"document_id":"46C2D0D4","chunk_id":"cw99qdbzhcvod","chunk_label":"unnamed-chunk-1"},{"row":26,"row_count":1,"visible":true,"expansion_state":0,"options":{"engine":"r","label":"unnamed-chunk-138","dev":"png"},"document_id":"46C2D0D4","chunk_id":"c5stzcf79ei3l","chunk_label":"unnamed-chunk-2"},{"row":68,"row_count":1,"visible":true,"expansion_state":0,"options":{"engine":"r","label":"unnamed-chunk-139","dev":"png"},"document_id":"46C2D0D4","chunk_id":"cm3gteb41yp4z","chunk_label":"unnamed-chunk-3"},{"row":73,"row_count":1,"visible":true,"expansion_state":0,"options":{"engine":"r","label":"unnamed-chunk-140","dev":"png"},"document_id":"46C2D0D4","chunk_id":"czxmddldc8h3z","chunk_label":"unnamed-chunk-4"},{"row":112,"row_count":1,"visible":true,"expansion_state":0,"options":{"engine":"r","label":"unnamed-chunk-161","dev":"png"},"document_id":"46C2D0D4","chunk_id":"coseca0x2fo7q","chunk_label":"unnamed-chunk-5"},{"row":125,"row_count":1,"visible":true,"expansion_state":0,"options":{"engine":"r","label":"unnamed-chunk-142","dev":"png"},"document_id":"46C2D0D4","chunk_id":"cc12snpm8hjbw","chunk_label":"unnamed-chunk-6"},{"row":160,"row_count":1,"visible":true,"expansion_state":0,"options":{"engine":"r","label":"unnamed-chunk-143","dev":"png"},"document_id":"46C2D0D4","chunk_id":"crqq7yksme7o6","chunk_label":"unnamed-chunk-7"},{"row":171,"row_count":1,"visible":true,"expansion_state":0,"options":{"engine":"r","label":"unnamed-chunk-144","dev":"png"},"document_id":"46C2D0D4","chunk_id":"cqt4foxe34iom","chunk_label":"unnamed-chunk-8"},{"row":212,"row_count":1,"visible":true,"expansion_state":0,"options":{"engine":"r","label":"unnamed-chunk-145","dev":"png"},"document_id":"46C2D0D4","chunk_id":"c1dfzjprfiq88","chunk_label":"unnamed-chunk-9"},{"row":219,"row_count":1,"visible":true,"expansion_state":0,"options":{"engine":"r","label":"unnamed-chunk-146","dev":"png"},"document_id":"46C2D0D4","chunk_id":"cod38w2noy2d1","chunk_label":"unnamed-chunk-10"},{"row":258,"row_count":1,"visible":true,"expansion_state":0,"options":{"engine":"r","label":"unnamed-chunk-147","dev":"png"},"document_id":"46C2D0D4","chunk_id":"csslq2u33lplr","chunk_label":"unnamed-chunk-11"},{"row":297,"row_count":1,"visible":true,"expansion_state":0,"options":{"engine":"r","label":"unnamed-chunk-148","dev":"png"},"document_id":"46C2D0D4","chunk_id":"czcxvpkotqa0t","chunk_label":"unnamed-chunk-12"}],"doc_write_time":1714543452,"working_dir":null,"default_chunk_options":{"error":false,"echo":true,"warning":false,"message":false}}