{"chunk_definitions":[{"row":10,"row_count":1,"visible":true,"expansion_state":0,"options":{"engine":"r","label":"setup","include":false,"dev":"png"},"document_id":"E53BBD39","chunk_id":"csetup_chunk","chunk_label":"setup"},{"row":23,"row_count":1,"visible":true,"expansion_state":0,"options":{"engine":"r","label":"unnamed-chunk-29","dev":"png"},"document_id":"E53BBD39","chunk_id":"cfd9zdcqw5ek3","chunk_label":"unnamed-chunk-1"},{"row":32,"row_count":1,"visible":true,"expansion_state":0,"options":{"engine":"r","label":"unnamed-chunk-30","dev":"png"},"document_id":"E53BBD39","chunk_id":"ct4zisqthonlj","chunk_label":"unnamed-chunk-2"},{"row":38,"row_count":1,"visible":true,"expansion_state":0,"options":{"engine":"r","label":"unnamed-chunk-31","dev":"png"},"document_id":"E53BBD39","chunk_id":"c2hh7ztytce9r","chunk_label":"unnamed-chunk-3"},{"row":46,"row_count":1,"visible":true,"expansion_state":0,"options":{"engine":"r","label":"unnamed-chunk-32","dev":"png"},"document_id":"E53BBD39","chunk_id":"c1t6cxklvbaps","chunk_label":"unnamed-chunk-4"},{"row":65,"row_count":1,"visible":true,"expansion_state":0,"options":{"engine":"r","label":"unnamed-chunk-33","dev":"png"},"document_id":"E53BBD39","chunk_id":"cg4tdrmbtbxys","chunk_label":"unnamed-chunk-5"},{"row":78,"row_count":1,"visible":true,"expansion_state":0,"options":{"engine":"r","label":"unnamed-chunk-34","dev":"png"},"document_id":"E53BBD39","chunk_id":"c3llq4w5lm7t4","chunk_label":"unnamed-chunk-6"},{"row":84,"row_count":1,"visible":true,"expansion_state":0,"options":{"engine":"r","label":"unnamed-chunk-35","dev":"png"},"document_id":"E53BBD39","chunk_id":"cige33xak3ch4","chunk_label":"unnamed-chunk-7"},{"row":95,"row_count":1,"visible":true,"expansion_state":0,"options":{"engine":"r","label":"unnamed-chunk-36","dev":"png"},"document_id":"E53BBD39","chunk_id":"c932bgbr0gkjz","chunk_label":"unnamed-chunk-8"},{"row":101,"row_count":1,"visible":true,"expansion_state":0,"options":{"engine":"r","label":"unnamed-chunk-37","dev":"png"},"document_id":"E53BBD39","chunk_id":"cy9f5ceps7ped","chunk_label":"unnamed-chunk-9"},{"row":119,"row_count":1,"visible":true,"expansion_state":0,"options":{"engine":"r","label":"unnamed-chunk-38","dev":"png"},"document_id":"E53BBD39","chunk_id":"clqf6uuvv9vmr","chunk_label":"unnamed-chunk-10"},{"row":137,"row_count":1,"visible":true,"expansion_state":0,"options":{"engine":"r","label":"unnamed-chunk-12","dev":"png"},"document_id":"E53BBD39","chunk_id":"cgenpu8vvka7c","chunk_label":"unnamed-chunk-11"},{"row":153,"row_count":1,"visible":true,"expansion_state":0,"options":{"engine":"r","label":"unnamed-chunk-13","dev":"png"},"document_id":"E53BBD39","chunk_id":"cly87dic9iyor","chunk_label":"unnamed-chunk-12"},{"row":164,"row_count":1,"visible":true,"expansion_state":0,"options":{"engine":"r","label":"unnamed-chunk-14","dev":"png"},"document_id":"E53BBD39","chunk_id":"c7f2mm9wur7ez","chunk_label":"unnamed-chunk-13"},{"row":174,"row_count":1,"visible":true,"expansion_state":0,"options":{"engine":"r","label":"unnamed-chunk-15","dev":"png"},"document_id":"E53BBD39","chunk_id":"cjgf3woyussqj","chunk_label":"unnamed-chunk-14"},{"row":216,"row_count":1,"visible":true,"expansion_state":0,"options":{"engine":"r","label":"unnamed-chunk-27","dev":"png"},"document_id":"E53BBD39","chunk_id":"cvsp0joh2ocs8","chunk_label":"unnamed-chunk-16"},{"row":240,"row_count":1,"visible":true,"expansion_state":0,"options":{"engine":"r","label":"unnamed-chunk-26","dev":"png"},"document_id":"E53BBD39","chunk_id":"cehud0qq42ono","chunk_label":"unnamed-chunk-19"},{"row":251,"row_count":1,"visible":true,"expansion_state":0,"options":{"engine":"r","label":"unnamed-chunk-28","dev":"png"},"document_id":"E53BBD39","chunk_id":"ckf6ff3ltcx22","chunk_label":"unnamed-chunk-21"}],"doc_write_time":1712918611,"working_dir":null,"default_chunk_options":{"error":false,"echo":true,"warning":false,"message":false}}