{"chunk_definitions":[{"row":11,"row_count":1,"visible":true,"expansion_state":0,"options":{"engine":"r","label":"setup","include":false,"dev":"png"},"document_id":"E53BBD39","chunk_id":"csetup_chunk","chunk_label":"setup"},{"row":32,"row_count":1,"visible":true,"expansion_state":0,"options":{"engine":"r","label":"unnamed-chunk-92","dev":"png"},"document_id":"E53BBD39","chunk_id":"cfd9zdcqw5ek3","chunk_label":"unnamed-chunk-1"},{"row":41,"row_count":1,"visible":true,"expansion_state":0,"options":{"engine":"r","label":"unnamed-chunk-93","dev":"png"},"document_id":"E53BBD39","chunk_id":"ct4zisqthonlj","chunk_label":"unnamed-chunk-2"},{"row":47,"row_count":1,"visible":true,"expansion_state":0,"options":{"engine":"r","label":"unnamed-chunk-94","dev":"png"},"document_id":"E53BBD39","chunk_id":"c2hh7ztytce9r","chunk_label":"unnamed-chunk-3"},{"row":363,"row_count":1,"visible":true,"expansion_state":0,"options":{"engine":"r","label":"unnamed-chunk-115","dev":"png"},"document_id":"E53BBD39","chunk_id":"clt7wkteo27w1","chunk_label":"unnamed-chunk-28"}],"doc_write_time":1713063677,"working_dir":null,"default_chunk_options":{"error":false,"echo":true,"warning":false,"message":false}}