"0",""
"0","data1=annual_growth %>%"
"0","  filter(Region.Alpha.3.Code %in% "
"0","           c( ""BEN"",""BFA"",""CPV"",""CIV"",""GMB"",""GHA"",""GNB"",""GIN"",""MLI"",""MRT"",""NER"",""NGA"",""SEN"",""SLE"",""TGO"")) %>%"
"0","  #On filtre la base pour garder seulement les pays de l'Afrique de                                             "
"0"," group_by(End.Year) %>%"
"0","  mutate(Gini_index = mean(Value,na.rm = FALSE)) "
"0","## Calculer la moyenne de l'indice pour chaque année pour tous les                                                                      pays de l'Afrique de l'ouest."
"0","data1$Region.Name=""western Africa"" #Renommer les valeurs western Africa"
"0","data1_final=data1 %>%"
"0","  select(Region.Name,End.Year,Gini_index) %>%  "
"0","  #data.frame qui ne contient que les 3  variables ci-dessus"
"0","  distinct() #retire les lignes qui se repetent"
"0","View(data1_final)"
"0",""
"0",""
