{"chunk_definitions":[{"row":10,"row_count":1,"visible":true,"expansion_state":0,"options":{"engine":"r","label":"setup","include":false,"dev":"png"},"document_id":"46C2D0D4","chunk_id":"csetup_chunk","chunk_label":"setup"},{"row":15,"row_count":1,"visible":true,"expansion_state":0,"options":{"engine":"r","label":"unnamed-chunk-6","dev":"png"},"document_id":"46C2D0D4","chunk_id":"cw99qdbzhcvod","chunk_label":"unnamed-chunk-1"},{"row":24,"row_count":1,"visible":true,"expansion_state":0,"options":{"engine":"r","label":"unnamed-chunk-7","dev":"png"},"document_id":"46C2D0D4","chunk_id":"c5stzcf79ei3l","chunk_label":"unnamed-chunk-2"},{"row":34,"row_count":1,"visible":true,"expansion_state":0,"options":{"engine":"r","label":"unnamed-chunk-8","dev":"png"},"document_id":"46C2D0D4","chunk_id":"c8opg2m2u87vx","chunk_label":"unnamed-chunk-3"},{"row":47,"row_count":1,"visible":true,"expansion_state":0,"options":{"engine":"r","label":"unnamed-chunk-9","dev":"png"},"document_id":"46C2D0D4","chunk_id":"cegt6r5hhx1jt","chunk_label":"unnamed-chunk-4"},{"row":69,"row_count":1,"visible":true,"expansion_state":0,"options":{"engine":"r","label":"unnamed-chunk-10","dev":"png"},"document_id":"46C2D0D4","chunk_id":"cmfyc6571kjmg","chunk_label":"unnamed-chunk-5"},{"row":83,"row_count":1,"visible":true,"expansion_state":0,"options":{"engine":"r","label":"unnamed-chunk-11","dev":"png"},"document_id":"46C2D0D4","chunk_id":"c0v44av7wfmmg","chunk_label":"unnamed-chunk-6"},{"row":94,"row_count":1,"visible":true,"expansion_state":0,"options":{"engine":"r","label":"unnamed-chunk-12","dev":"png"},"document_id":"46C2D0D4","chunk_id":"ckjkv3eiz84s7","chunk_label":"unnamed-chunk-7"},{"row":101,"row_count":1,"visible":true,"expansion_state":0,"options":{"engine":"r","label":"unnamed-chunk-13","dev":"png"},"document_id":"46C2D0D4","chunk_id":"cguvcihszjn71","chunk_label":"unnamed-chunk-8"},{"row":140,"row_count":1,"visible":true,"expansion_state":0,"options":{"engine":"r","label":"unnamed-chunk-14","dev":"png"},"document_id":"46C2D0D4","chunk_id":"cgrefd0xbfein","chunk_label":"unnamed-chunk-9"},{"row":150,"row_count":1,"visible":true,"expansion_state":0,"options":{"engine":"r","label":"unnamed-chunk-15","dev":"png"},"document_id":"46C2D0D4","chunk_id":"ciy9h7p2pffoy","chunk_label":"unnamed-chunk-10"},{"row":172,"row_count":1,"visible":true,"expansion_state":0,"options":{"engine":"r","label":"unnamed-chunk-16","dev":"png"},"document_id":"46C2D0D4","chunk_id":"c9dw226rbo09g","chunk_label":"unnamed-chunk-11"},{"row":189,"row_count":1,"visible":true,"expansion_state":0,"options":{"engine":"r","label":"unnamed-chunk-17","dev":"png"},"document_id":"46C2D0D4","chunk_id":"ci9n4sf7rcyzl","chunk_label":"unnamed-chunk-12"},{"row":200,"row_count":1,"visible":true,"expansion_state":0,"options":{"engine":"r","label":"unnamed-chunk-18","dev":"png"},"document_id":"46C2D0D4","chunk_id":"cd2crkeutq7hk","chunk_label":"unnamed-chunk-13"},{"row":208,"row_count":1,"visible":true,"expansion_state":0,"options":{"engine":"r","label":"unnamed-chunk-19","dev":"png"},"document_id":"46C2D0D4","chunk_id":"cqck2cjxb72s6","chunk_label":"unnamed-chunk-14"},{"row":245,"row_count":1,"visible":true,"expansion_state":0,"options":{"engine":"r","label":"unnamed-chunk-20","dev":"png"},"document_id":"46C2D0D4","chunk_id":"c2vhgv833f2o1","chunk_label":"unnamed-chunk-15"},{"row":256,"row_count":1,"visible":true,"expansion_state":0,"options":{"engine":"r","label":"unnamed-chunk-21","dev":"png"},"document_id":"46C2D0D4","chunk_id":"crydbzuiupggj","chunk_label":"unnamed-chunk-16"},{"row":274,"row_count":1,"visible":true,"expansion_state":0,"options":{"engine":"r","label":"unnamed-chunk-22","dev":"png"},"document_id":"46C2D0D4","chunk_id":"chxobx0o7hjn3","chunk_label":"unnamed-chunk-17"},{"row":288,"row_count":1,"visible":true,"expansion_state":0,"options":{"engine":"r","label":"unnamed-chunk-23","dev":"png"},"document_id":"46C2D0D4","chunk_id":"cxznvsertpkxv","chunk_label":"unnamed-chunk-18"},{"row":301,"row_count":1,"visible":true,"expansion_state":0,"options":{"engine":"r","label":"unnamed-chunk-24","dev":"png"},"document_id":"46C2D0D4","chunk_id":"c4dfae1vofvio","chunk_label":"unnamed-chunk-19"},{"row":309,"row_count":1,"visible":true,"expansion_state":0,"options":{"engine":"r","label":"unnamed-chunk-25","dev":"png"},"document_id":"46C2D0D4","chunk_id":"cxuret7xx96f5","chunk_label":"unnamed-chunk-20"},{"row":346,"row_count":1,"visible":true,"expansion_state":0,"options":{"engine":"r","label":"unnamed-chunk-26","dev":"png"},"document_id":"46C2D0D4","chunk_id":"cwl0ckkb78xnk","chunk_label":"unnamed-chunk-21"}],"doc_write_time":1714188050,"working_dir":null,"default_chunk_options":{"error":false,"echo":true,"warning":false,"message":false}}