{"chunk_definitions":[{"row":16,"row_count":1,"visible":true,"expansion_state":0,"options":{"engine":"r","label":"setup","include":false,"dev":"png"},"document_id":"5656B9B7","chunk_id":"csetup_chunk","chunk_label":"setup"},{"row":39,"row_count":1,"visible":true,"expansion_state":0,"options":{"engine":"r","label":"unnamed-chunk-1","dev":"png"},"document_id":"5656B9B7","chunk_id":"c5ov3sergzgoc","chunk_label":"unnamed-chunk-1"},{"row":51,"row_count":1,"visible":true,"expansion_state":0,"options":{"engine":"r","label":"unnamed-chunk-2","dev":"png"},"document_id":"5656B9B7","chunk_id":"cmstejtyasay3","chunk_label":"unnamed-chunk-2"},{"row":59,"row_count":1,"visible":true,"expansion_state":0,"options":{"engine":"r","label":"unnamed-chunk-3","dev":"png"},"document_id":"5656B9B7","chunk_id":"c9oltz52135zb","chunk_label":"unnamed-chunk-3"},{"row":70,"row_count":1,"visible":true,"expansion_state":0,"options":{"engine":"r","label":"unnamed-chunk-4","dev":"png"},"document_id":"5656B9B7","chunk_id":"c7qwhavs92f0t","chunk_label":"unnamed-chunk-4"},{"row":83,"row_count":1,"visible":true,"expansion_state":0,"options":{"engine":"r","label":"unnamed-chunk-5","dev":"png"},"document_id":"5656B9B7","chunk_id":"cazngbn53hr68","chunk_label":"unnamed-chunk-5"},{"row":94,"row_count":1,"visible":true,"expansion_state":0,"options":{"engine":"r","label":"unnamed-chunk-6","dev":"png"},"document_id":"5656B9B7","chunk_id":"cqfcj1gs9ndft","chunk_label":"unnamed-chunk-6"},{"row":104,"row_count":1,"visible":true,"expansion_state":0,"options":{"engine":"r","label":"unnamed-chunk-7","dev":"png"},"document_id":"5656B9B7","chunk_id":"cuc3gch86i1vv","chunk_label":"unnamed-chunk-7"},{"row":117,"row_count":1,"visible":true,"expansion_state":0,"options":{"engine":"r","label":"unnamed-chunk-8","dev":"png"},"document_id":"5656B9B7","chunk_id":"cib0xtx06w6yl","chunk_label":"unnamed-chunk-8"},{"row":124,"row_count":1,"visible":true,"expansion_state":0,"options":{"engine":"r","label":"unnamed-chunk-9","dev":"png"},"document_id":"5656B9B7","chunk_id":"cn63dp9374i6m","chunk_label":"unnamed-chunk-9"},{"row":135,"row_count":1,"visible":true,"expansion_state":0,"options":{"engine":"r","label":"unnamed-chunk-10","dev":"png"},"document_id":"5656B9B7","chunk_id":"crybtut8l0g63","chunk_label":"unnamed-chunk-10"},{"row":151,"row_count":1,"visible":true,"expansion_state":0,"options":{"engine":"r","label":"unnamed-chunk-11","dev":"png"},"document_id":"5656B9B7","chunk_id":"c6v9f9twqls75","chunk_label":"unnamed-chunk-11"},{"row":164,"row_count":1,"visible":true,"expansion_state":0,"options":{"engine":"r","label":"unnamed-chunk-12","dev":"png"},"document_id":"5656B9B7","chunk_id":"cklj2ce69dsty","chunk_label":"unnamed-chunk-12"},{"row":219,"row_count":1,"visible":true,"expansion_state":0,"options":{"engine":"r","label":"unnamed-chunk-13","dev":"png"},"document_id":"5656B9B7","chunk_id":"csqawpqth3f92","chunk_label":"unnamed-chunk-13"},{"row":227,"row_count":1,"visible":true,"expansion_state":0,"options":{"engine":"r","label":"unnamed-chunk-14","dev":"png"},"document_id":"5656B9B7","chunk_id":"c5isxj0su45tj","chunk_label":"unnamed-chunk-14"},{"row":236,"row_count":1,"visible":true,"expansion_state":0,"options":{"engine":"r","label":"unnamed-chunk-15","dev":"png"},"document_id":"5656B9B7","chunk_id":"cwi7juedwwo3t","chunk_label":"unnamed-chunk-15"},{"row":242,"row_count":1,"visible":true,"expansion_state":0,"options":{"engine":"r","label":"unnamed-chunk-16","dev":"png"},"document_id":"5656B9B7","chunk_id":"ct7f8x3uyh6gl","chunk_label":"unnamed-chunk-16"},{"row":248,"row_count":1,"visible":true,"expansion_state":0,"options":{"engine":"r","label":"unnamed-chunk-17","dev":"png"},"document_id":"5656B9B7","chunk_id":"cn0m2w99lumky","chunk_label":"unnamed-chunk-17"},{"row":254,"row_count":1,"visible":true,"expansion_state":0,"options":{"engine":"r","label":"unnamed-chunk-18","dev":"png"},"document_id":"5656B9B7","chunk_id":"cewzqxmt5ctka","chunk_label":"unnamed-chunk-18"},{"row":263,"row_count":1,"visible":true,"expansion_state":0,"options":{"engine":"r","label":"unnamed-chunk-19","dev":"png"},"document_id":"5656B9B7","chunk_id":"cjaruw5zyxmt1","chunk_label":"unnamed-chunk-19"},{"row":320,"row_count":1,"visible":true,"expansion_state":0,"options":{"engine":"r","label":"unnamed-chunk-20","dev":"png"},"document_id":"5656B9B7","chunk_id":"cxvfk4lw716ut","chunk_label":"unnamed-chunk-20"},{"row":331,"row_count":1,"visible":true,"expansion_state":0,"options":{"engine":"r","label":"unnamed-chunk-21","dev":"png"},"document_id":"5656B9B7","chunk_id":"c2hd2vvl5olns","chunk_label":"unnamed-chunk-21"},{"row":341,"row_count":1,"visible":true,"expansion_state":0,"options":{"engine":"r","label":"unnamed-chunk-22","dev":"png"},"document_id":"5656B9B7","chunk_id":"cd5u1376idc3v","chunk_label":"unnamed-chunk-22"},{"row":348,"row_count":1,"visible":true,"expansion_state":0,"options":{"engine":"r","label":"unnamed-chunk-23","dev":"png"},"document_id":"5656B9B7","chunk_id":"csbrenw1nlo2m","chunk_label":"unnamed-chunk-23"},{"row":355,"row_count":1,"visible":true,"expansion_state":0,"options":{"engine":"r","label":"unnamed-chunk-24","dev":"png"},"document_id":"5656B9B7","chunk_id":"cdg8a0x1ocop4","chunk_label":"unnamed-chunk-24"},{"row":362,"row_count":1,"visible":true,"expansion_state":0,"options":{"engine":"r","label":"unnamed-chunk-25","dev":"png"},"document_id":"5656B9B7","chunk_id":"cvwfzoucewr03","chunk_label":"unnamed-chunk-25"},{"row":367,"row_count":1,"visible":true,"expansion_state":0,"options":{"engine":"r","label":"unnamed-chunk-26","dev":"png"},"document_id":"5656B9B7","chunk_id":"ciietdh7aunsf","chunk_label":"unnamed-chunk-26"}],"doc_write_time":2096020224504,"working_dir":null,"default_chunk_options":{"error":false,"echo":true,"warning":false,"message":false}}