{"chunk_definitions":[{"row":10,"row_count":1,"visible":true,"expansion_state":0,"options":{"engine":"r","label":"setup","include":false,"dev":"png"},"document_id":"46C2D0D4","chunk_id":"csetup_chunk","chunk_label":"setup"},{"row":18,"row_count":1,"visible":true,"expansion_state":0,"options":{"engine":"r","label":"unnamed-chunk-158","dev":"png"},"document_id":"46C2D0D4","chunk_id":"c5stzcf79ei3l","chunk_label":"unnamed-chunk-1"},{"row":26,"row_count":1,"visible":true,"expansion_state":0,"options":{"engine":"r","label":"unnamed-chunk-148","dev":"png"},"document_id":"46C2D0D4","chunk_id":"c8opg2m2u87vx","chunk_label":"unnamed-chunk-2"},{"row":39,"row_count":1,"visible":true,"expansion_state":0,"options":{"engine":"r","label":"unnamed-chunk-149","dev":"png"},"document_id":"46C2D0D4","chunk_id":"cpayjzzbmohgn","chunk_label":"unnamed-chunk-3"},{"row":61,"row_count":1,"visible":true,"expansion_state":0,"options":{"engine":"r","label":"unnamed-chunk-150","dev":"png"},"document_id":"46C2D0D4","chunk_id":"cdmq2yuosteem","chunk_label":"unnamed-chunk-4"},{"row":75,"row_count":1,"visible":true,"expansion_state":0,"options":{"engine":"r","label":"unnamed-chunk-151","dev":"png"},"document_id":"46C2D0D4","chunk_id":"c7yc0cx83vyv9","chunk_label":"unnamed-chunk-5"},{"row":86,"row_count":1,"visible":true,"expansion_state":0,"options":{"engine":"r","label":"unnamed-chunk-152","dev":"png"},"document_id":"46C2D0D4","chunk_id":"c1uo6sq92fbj0","chunk_label":"unnamed-chunk-6"},{"row":93,"row_count":1,"visible":true,"expansion_state":0,"options":{"engine":"r","label":"unnamed-chunk-153","dev":"png"},"document_id":"46C2D0D4","chunk_id":"conozg3lhj891","chunk_label":"unnamed-chunk-7"},{"row":108,"row_count":1,"visible":true,"expansion_state":0,"options":{"engine":"r","label":"unnamed-chunk-154","dev":"png"},"document_id":"46C2D0D4","chunk_id":"cve72jgiz4zsn","chunk_label":"unnamed-chunk-8"},{"row":142,"row_count":1,"visible":true,"expansion_state":0,"options":{"engine":"r","label":"unnamed-chunk-155","dev":"png"},"document_id":"46C2D0D4","chunk_id":"c080mumlkcmme","chunk_label":"unnamed-chunk-9"},{"row":152,"row_count":1,"visible":true,"expansion_state":0,"options":{"engine":"r","label":"unnamed-chunk-159","dev":"png"},"document_id":"46C2D0D4","chunk_id":"cvzicsgohobkn","chunk_label":"unnamed-chunk-10"},{"row":174,"row_count":1,"visible":true,"expansion_state":0,"options":{"engine":"r","label":"unnamed-chunk-16","dev":"png"},"document_id":"46C2D0D4","chunk_id":"c6tv65s5aqnrr","chunk_label":"unnamed-chunk-11"},{"row":196,"row_count":1,"visible":true,"expansion_state":0,"options":{"engine":"r","label":"unnamed-chunk-17","dev":"png"},"document_id":"46C2D0D4","chunk_id":"c0p6kpwu23jq7","chunk_label":"unnamed-chunk-12"},{"row":201,"row_count":1,"visible":true,"expansion_state":0,"options":{"engine":"r","label":"unnamed-chunk-18","dev":"png"},"document_id":"46C2D0D4","chunk_id":"crcnn0av1pqxa","chunk_label":"unnamed-chunk-13"}],"doc_write_time":1714020911,"working_dir":null,"default_chunk_options":{"error":false,"echo":true,"warning":false,"message":false},"chunk_rendered_width":700}