"0","data2=annual_growth %>%"
"0","  arrange(End.Year,Region.Alpha.3.Code) %>% #TRI en fonction de la variable End.Year et Region.Alpha.2.Code"
"0","  group_by(End.Year) %>% "
"0","  mutate(Gini_index= mean(Value)) #moyenne de l'indice de tous les pays pour chaque année"
"0","data2$Region.Name=""world"" #Renommer les valeurs en world"
"0","data2_final=data2%>% "
"0","  select(Region.Name,End.Year,Gini_index) %>%  #data.frame qui ne contient que les 3 variables        "
"0","  distinct() #retire les lignes qui se repetent"
"0","view(data2_final)"
