{"chunk_definitions":[{"row":9,"row_count":1,"visible":true,"expansion_state":0,"options":{"engine":"r","label":"setup","include":false,"dev":"png"},"document_id":"46C2D0D4","chunk_id":"csetup_chunk","chunk_label":"setup"},{"row":26,"row_count":1,"visible":true,"expansion_state":0,"options":{"engine":"r","label":"unnamed-chunk-3","dev":"png"},"document_id":"46C2D0D4","chunk_id":"c5stzcf79ei3l","chunk_label":"unnamed-chunk-2"},{"row":69,"row_count":1,"visible":true,"expansion_state":0,"options":{"engine":"r","label":"unnamed-chunk-4","dev":"png"},"document_id":"46C2D0D4","chunk_id":"cocd9y4b2tsfp","chunk_label":"unnamed-chunk-3"},{"row":79,"row_count":1,"visible":true,"expansion_state":0,"options":{"engine":"r","label":"unnamed-chunk-17","dev":"png"},"document_id":"46C2D0D4","chunk_id":"cp7wuls5wm7do","chunk_label":"unnamed-chunk-4"},{"row":128,"row_count":1,"visible":true,"expansion_state":0,"options":{"engine":"r","label":"unnamed-chunk-8","dev":"png"},"document_id":"46C2D0D4","chunk_id":"cz1615d6q55ku","chunk_label":"unnamed-chunk-6"},{"row":147,"row_count":1,"visible":true,"expansion_state":0,"options":{"engine":"r","label":"unnamed-chunk-8","dev":"png"},"document_id":"46C2D0D4","chunk_id":"cio9gytxwzm7w","chunk_label":"unnamed-chunk-8"},{"row":186,"row_count":1,"visible":true,"expansion_state":0,"options":{"engine":"r","label":"unnamed-chunk-22","dev":"png"},"document_id":"46C2D0D4","chunk_id":"ci2owxrw40jpr","chunk_label":"unnamed-chunk-9"},{"row":197,"row_count":1,"visible":true,"expansion_state":0,"options":{"engine":"r","label":"unnamed-chunk-10","dev":"png"},"document_id":"46C2D0D4","chunk_id":"crmv56ljf9az9","chunk_label":"unnamed-chunk-10"},{"row":204,"row_count":1,"visible":true,"expansion_state":0,"options":{"engine":"r","label":"unnamed-chunk-19","dev":"png"},"document_id":"46C2D0D4","chunk_id":"chy5du5qipf2h","chunk_label":"unnamed-chunk-11"},{"row":248,"row_count":1,"visible":true,"expansion_state":0,"options":{"engine":"r","label":"unnamed-chunk-23","dev":"png"},"document_id":"46C2D0D4","chunk_id":"cpc5hi1fl1fes","chunk_label":"unnamed-chunk-12"},{"row":288,"row_count":1,"visible":true,"expansion_state":0,"options":{"engine":"r","label":"unnamed-chunk-21","dev":"png"},"document_id":"46C2D0D4","chunk_id":"c75p553yfzxry","chunk_label":"unnamed-chunk-13"}],"doc_write_time":1714551122,"working_dir":null,"default_chunk_options":{"error":false,"echo":true,"warning":false,"message":false},"chunk_rendered_width":700}