"0","data3=annual_growth %>%"
"0","  filter(Region.Alpha.3.Code==""NER"" )%>% #filtrer les deux                                                                                       variables"
"0","  arrange(End.Year) %>%                                          #trier selon la variable End.Year"
"0","  rename(Gini_index=Value)                                        #renommer value en Gini_index"
"0","data3_final= data3%>%select(Region.Name,End.Year,Gini_index) #selection des 3 variables dans le                                                                         dataframe final"
"0","data3_final"
