"0","gg=ggplot(Base_3) +"
"0","    geom_point_interactive()+"
"0","  geom_point(aes(color =Region.Name ), size = 1.5) +"
"0","  geom_line(size=0.6) +"
"0","  aes(x = End.Year, y = Val, colour = Region.Name ) +"
"0","  scale_color_manual("
"0","    values = c(Niger = ""#7098BF"","
"0","    `western Africa` = ""darkgrey"","
"0","    world = ""lightgrey"")"
"0","  ) +"
"0","   scale_x_continuous( breaks = seq(1990, 2020, by = 5))+"
"0","  scale_y_continuous(limits = c(0.2,0.8), breaks = seq(0.2,0.8, by = 0.2))+"
"0","  labs("
"0","    title = ""Figure : Gender inequality index"","
"0","    caption = ""Source :  UNDP"","
"0","    "
"0","  ) +"
"0","  theme_minimal() +"
"0","   theme(panel.grid.major.y = element_line(size=0.5,linetype = ""dashed""))+"
"0","    theme(panel.grid.major.x = element_line(size=0.53))+"
"0","  theme( "
"0","    legend.position=""top"","
"0","    legend.direction=""horizontal"","
"0","    legend.justification=""left"","
"0","    legend.title = element_blank() ,"
"0","    plot.title = element_text(color=""#7098BF"",size=11,face = ""bold.italic""),"
"0","    plot.caption = element_text(hjust = 0)"
"0","  )+"
"0","  guides(color = guide_legend(override.aes = list(shape = 16,size=4,linetype=""blank"")))+"
"0","     theme("
"0","    axis.title = element_blank(),  # Masque les titres des axes"
"0","        "
"0","  )"
"0","mygg=gg + geom_point_interactive(aes(tooltip =  paste( Region.Name,"":"", Val)),vjust=-1)"
"0","ggiraph(code = print(mygg))"
