[{"name":"htmlwidgets","version":"1.6.4","src":{"file":"www"},"meta":null,"script":"htmlwidgets.js","stylesheet":null,"head":null,"attachment":null,"package":"htmlwidgets","all_files":true},{"name":"d3-bundle","version":"5.16.0","src":{"file":"htmlwidgets\/lib\/d3-bundle-5.16.0"},"meta":null,"script":"d3-bundle.min.js","stylesheet":null,"head":null,"attachment":null,"package":"ggiraph","all_files":true},{"name":"d3-lasso","version":"0.0.5","src":{"file":"htmlwidgets\/lib\/d3-lasso-0.0.5"},"meta":null,"script":"d3-lasso.min.js","stylesheet":null,"head":null,"attachment":null,"package":"ggiraph","all_files":true},{"name":"save-svg-as-png","version":"1.4.17","src":{"file":"htmlwidgets\/lib\/save-svg-as-png-1.4.17"},"meta":null,"script":"save-svg-as-png.min.js","stylesheet":null,"head":null,"attachment":null,"package":"ggiraph","all_files":true},{"name":"flatbush","version":"4.0.0","src":{"file":"htmlwidgets\/lib\/flatbush-4.0.0"},"meta":null,"script":"flatbush.min.js","stylesheet":null,"head":null,"attachment":null,"package":"ggiraph","all_files":true},{"name":"ggiraphjs","version":"0.4.6","src":{"file":"htmlwidgets\/lib\/ggiraphjs-0.4.6"},"meta":null,"script":"ggiraphjs.min.js","stylesheet":"ggiraphjs.min.css","head":null,"attachment":null,"package":"ggiraph","all_files":true},{"name":"girafe-binding","version":"0.8.9","src":{"file":"htmlwidgets"},"meta":null,"script":"girafe.js","stylesheet":null,"head":null,"attachment":null,"package":"ggiraph","all_files":false}]
