"0","creation_base=function(data,var1,var2,var3,var4,Val){ "
"0","#data.frame contenant dans la variable Region.Name uniquement la valeur western Africa qui regroupe les pays de l'Afrique de l'ouest,dans la variable Val , la moyenne de l'indice des pays de l'Afrique de l'ouest et dans la variable End.Year ,l'année de publication de l'elaboration de l'indice"
"0","data1=data %>%"
"0","  filter({{var2}} %in%"
"0","           c(""BEN"",""BFA"",""CPV"",""CIV"",""GMB"",""GHA"",""GNB"",""GIN"",""LBR"",""MLI"",""MRT"",""NER"",""NGA"",""SEN"",""SLE"",""TGO"")) %>%"
"0"," arrange({{var3}},{{var2}}) %>% "
"0"," group_by({{var3}}) %>%"
"0","   mutate(Val= mean({{var4}},na.rm = T)) %>%  "
"0","mutate({{ var1 }} := ""western Africa"") %>%"
"0","  select({{var1}},{{var3}},{{Val}}) %>%                                                                "
"0","  distinct()"
"0"," "
"0","##creation data.frame contenant les observations de la region world(moyenne de l'indice de tous les pays de la base en fonction de l'année d'élaboration)"
"0","data2=data %>%"
"0","  arrange({{var3}},{{var2}}) %>% "
"0"," group_by({{var3}}) %>%"
"0","   mutate(Val= mean({{var4}},na.rm = T)) %>%  "
"0","mutate({{ var1 }} := ""world"")  %>% "
"0","  select({{var1}},{{var3}},{{Val}}) %>%         "
"0","  distinct() "
"0","##creation d'un dataframe niger"
"0","data3 <- data %>%"
"0","    filter({{ var2 }} == ""NER"") %>% "
"0","  mutate({{Val}} :={{ var4 }} )  %>% "
"0","    select({{ var1 }}, {{ var3 }}, {{ Val }}) "
"0",""
"0","Base=bind_rows(data1, data2,data3)%>% "
"0","  arrange({{var3}})"
"0","return(Base)"
"0","}"
"0",""
"0",""
