{"chunk_definitions":[{"row":10,"row_count":1,"visible":true,"expansion_state":0,"options":{"engine":"r","label":"setup","include":false,"dev":"png"},"document_id":"46C2D0D4","chunk_id":"csetup_chunk","chunk_label":"setup"},{"row":15,"row_count":1,"visible":true,"expansion_state":0,"options":{"engine":"r","label":"unnamed-chunk-3","dev":"png"},"document_id":"46C2D0D4","chunk_id":"cw99qdbzhcvod","chunk_label":"unnamed-chunk-1"},{"row":26,"row_count":1,"visible":true,"expansion_state":0,"options":{"engine":"r","label":"unnamed-chunk-4","dev":"png"},"document_id":"46C2D0D4","chunk_id":"c5stzcf79ei3l","chunk_label":"unnamed-chunk-2"},{"row":36,"row_count":1,"visible":true,"expansion_state":0,"options":{"engine":"r","label":"unnamed-chunk-5","dev":"png"},"document_id":"46C2D0D4","chunk_id":"c8opg2m2u87vx","chunk_label":"unnamed-chunk-3"},{"row":60,"row_count":1,"visible":true,"expansion_state":0,"options":{"engine":"r","label":"unnamed-chunk-6","dev":"png"},"document_id":"46C2D0D4","chunk_id":"c6c82wka11ap4","chunk_label":"unnamed-chunk-4"},{"row":74,"row_count":1,"visible":true,"expansion_state":0,"options":{"engine":"r","label":"unnamed-chunk-7","dev":"png"},"document_id":"46C2D0D4","chunk_id":"c02cswp5pjr6z","chunk_label":"unnamed-chunk-5"},{"row":85,"row_count":1,"visible":true,"expansion_state":0,"options":{"engine":"r","label":"unnamed-chunk-8","dev":"png"},"document_id":"46C2D0D4","chunk_id":"cymzpuetcdkyv","chunk_label":"unnamed-chunk-6"},{"row":92,"row_count":1,"visible":true,"expansion_state":0,"options":{"engine":"r","label":"unnamed-chunk-9","dev":"png"},"document_id":"46C2D0D4","chunk_id":"chfvafhcum3tu","chunk_label":"unnamed-chunk-7"},{"row":133,"row_count":1,"visible":true,"expansion_state":0,"options":{"engine":"r","label":"unnamed-chunk-10","dev":"png"},"document_id":"46C2D0D4","chunk_id":"c6oji86bqs43a","chunk_label":"unnamed-chunk-8"},{"row":143,"row_count":1,"visible":true,"expansion_state":0,"options":{"engine":"r","label":"unnamed-chunk-11","dev":"png"},"document_id":"46C2D0D4","chunk_id":"ciy9h7p2pffoy","chunk_label":"unnamed-chunk-9"},{"row":165,"row_count":1,"visible":true,"expansion_state":0,"options":{"engine":"r","label":"unnamed-chunk-12","dev":"png"},"document_id":"46C2D0D4","chunk_id":"c9dw226rbo09g","chunk_label":"unnamed-chunk-10"},{"row":182,"row_count":1,"visible":true,"expansion_state":0,"options":{"engine":"r","label":"unnamed-chunk-13","dev":"png"},"document_id":"46C2D0D4","chunk_id":"ci9n4sf7rcyzl","chunk_label":"unnamed-chunk-11"},{"row":193,"row_count":1,"visible":true,"expansion_state":0,"options":{"engine":"r","label":"unnamed-chunk-14","dev":"png"},"document_id":"46C2D0D4","chunk_id":"cd2crkeutq7hk","chunk_label":"unnamed-chunk-12"},{"row":201,"row_count":1,"visible":true,"expansion_state":0,"options":{"engine":"r","label":"unnamed-chunk-15","dev":"png"},"document_id":"46C2D0D4","chunk_id":"cqck2cjxb72s6","chunk_label":"unnamed-chunk-13"},{"row":238,"row_count":1,"visible":true,"expansion_state":0,"options":{"engine":"r","label":"unnamed-chunk-16","dev":"png"},"document_id":"46C2D0D4","chunk_id":"c2vhgv833f2o1","chunk_label":"unnamed-chunk-14"},{"row":249,"row_count":1,"visible":true,"expansion_state":0,"options":{"engine":"r","label":"unnamed-chunk-17","dev":"png"},"document_id":"46C2D0D4","chunk_id":"crydbzuiupggj","chunk_label":"unnamed-chunk-15"},{"row":267,"row_count":1,"visible":true,"expansion_state":0,"options":{"engine":"r","label":"unnamed-chunk-18","dev":"png"},"document_id":"46C2D0D4","chunk_id":"ch8xa988j5djw","chunk_label":"unnamed-chunk-16"},{"row":281,"row_count":1,"visible":true,"expansion_state":0,"options":{"engine":"r","label":"unnamed-chunk-19","dev":"png"},"document_id":"46C2D0D4","chunk_id":"cdbxosfbyvgo7","chunk_label":"unnamed-chunk-17"},{"row":294,"row_count":1,"visible":true,"expansion_state":0,"options":{"engine":"r","label":"unnamed-chunk-20","dev":"png"},"document_id":"46C2D0D4","chunk_id":"c63ucqzs550rz","chunk_label":"unnamed-chunk-18"},{"row":302,"row_count":1,"visible":true,"expansion_state":0,"options":{"engine":"r","label":"unnamed-chunk-21","dev":"png"},"document_id":"46C2D0D4","chunk_id":"cg9oacprq7kkt","chunk_label":"unnamed-chunk-19"},{"row":344,"row_count":1,"visible":true,"expansion_state":0,"options":{"engine":"r","label":"unnamed-chunk-22","dev":"png"},"document_id":"46C2D0D4","chunk_id":"cmt3006ks1666","chunk_label":"unnamed-chunk-20"},{"row":404,"row_count":1,"visible":true,"expansion_state":0,"options":{"engine":"r","label":"unnamed-chunk-24","dev":"png"},"document_id":"46C2D0D4","chunk_id":"c0l4jx28dtvv3","chunk_label":"unnamed-chunk-21"}],"doc_write_time":1714350616,"working_dir":null,"default_chunk_options":{"error":false,"echo":true,"warning":false,"message":false}}