"0","data1=annual_growth %>%"
"0","  filter(Region.Alpha.3.Code %in%"
"0","           c(""BEN"",""BFA"",""CPV"",""CIV"",""GMB"",""GHA"",""GNB"",""GIN"",""MLI"",""MRT"",""NER"",""NGA"",""SEN"",""SLE"",""TGO"")) %>%"
"0"," arrange(End.Year,Region.Alpha.3.Code) %>% "
"0"," group_by(End.Year) %>%"
"0"," mutate(Gini_index = mean(Value,na.rm = FALSE)) "
"0",""
"0","data1$Region.Name=""western Africa"" "
"0",""
"0","data1_final=data1 %>%"
"0","  select(Region.Name,End.Year,Gini_index) %>%                                                                "
"0","  distinct() "
"0",""
"0",""
"0",""
"0",""
"0","## Jusque-la on a créé un data frame qui contient la moyenne des indices de Gini de ces pays "
"0",""
"0",""
