{"chunk_definitions":[{"row":10,"row_count":1,"visible":true,"expansion_state":0,"options":{"engine":"r","label":"setup","include":false,"dev":"png"},"document_id":"E53BBD39","chunk_id":"csetup_chunk","chunk_label":"setup"},{"row":23,"row_count":1,"visible":true,"expansion_state":0,"options":{"engine":"r","label":"unnamed-chunk-1","dev":"png"},"document_id":"E53BBD39","chunk_id":"cfd9zdcqw5ek3","chunk_label":"unnamed-chunk-1"},{"row":32,"row_count":1,"visible":true,"expansion_state":0,"options":{"engine":"r","label":"unnamed-chunk-2","dev":"png"},"document_id":"E53BBD39","chunk_id":"ct4zisqthonlj","chunk_label":"unnamed-chunk-2"},{"row":38,"row_count":1,"visible":true,"expansion_state":0,"options":{"engine":"r","label":"unnamed-chunk-3","dev":"png"},"document_id":"E53BBD39","chunk_id":"c2hh7ztytce9r","chunk_label":"unnamed-chunk-3"},{"row":46,"row_count":1,"visible":true,"expansion_state":0,"options":{"engine":"r","label":"unnamed-chunk-4","dev":"png"},"document_id":"E53BBD39","chunk_id":"c1t6cxklvbaps","chunk_label":"unnamed-chunk-4"},{"row":65,"row_count":1,"visible":true,"expansion_state":0,"options":{"engine":"r","label":"unnamed-chunk-5","dev":"png"},"document_id":"E53BBD39","chunk_id":"cg4tdrmbtbxys","chunk_label":"unnamed-chunk-5"},{"row":78,"row_count":1,"visible":true,"expansion_state":0,"options":{"engine":"r","label":"unnamed-chunk-7","dev":"png"},"document_id":"E53BBD39","chunk_id":"c3llq4w5lm7t4","chunk_label":"unnamed-chunk-6"},{"row":84,"row_count":1,"visible":true,"expansion_state":0,"options":{"engine":"r","label":"unnamed-chunk-8","dev":"png"},"document_id":"E53BBD39","chunk_id":"cige33xak3ch4","chunk_label":"unnamed-chunk-7"},{"row":96,"row_count":1,"visible":true,"expansion_state":0,"options":{"engine":"r","label":"unnamed-chunk-9","dev":"png"},"document_id":"E53BBD39","chunk_id":"c932bgbr0gkjz","chunk_label":"unnamed-chunk-8"},{"row":102,"row_count":1,"visible":true,"expansion_state":0,"options":{"engine":"r","label":"unnamed-chunk-10","dev":"png"},"document_id":"E53BBD39","chunk_id":"cy9f5ceps7ped","chunk_label":"unnamed-chunk-9"},{"row":121,"row_count":1,"visible":true,"expansion_state":0,"options":{"engine":"r","label":"unnamed-chunk-11","dev":"png"},"document_id":"E53BBD39","chunk_id":"clqf6uuvv9vmr","chunk_label":"unnamed-chunk-10"},{"row":138,"row_count":1,"visible":true,"expansion_state":0,"options":{"engine":"r","label":"unnamed-chunk-12","dev":"png"},"document_id":"E53BBD39","chunk_id":"cgenpu8vvka7c","chunk_label":"unnamed-chunk-11"},{"row":154,"row_count":1,"visible":true,"expansion_state":0,"options":{"engine":"r","label":"unnamed-chunk-13","dev":"png"},"document_id":"E53BBD39","chunk_id":"cly87dic9iyor","chunk_label":"unnamed-chunk-12"},{"row":165,"row_count":1,"visible":true,"expansion_state":0,"options":{"engine":"r","label":"unnamed-chunk-14","dev":"png"},"document_id":"E53BBD39","chunk_id":"c7f2mm9wur7ez","chunk_label":"unnamed-chunk-13"},{"row":175,"row_count":1,"visible":true,"expansion_state":0,"options":{"engine":"r","label":"unnamed-chunk-15","dev":"png"},"document_id":"E53BBD39","chunk_id":"cjgf3woyussqj","chunk_label":"unnamed-chunk-14"},{"row":217,"row_count":1,"visible":true,"expansion_state":0,"options":{"engine":"r","label":"unnamed-chunk-27","dev":"png"},"document_id":"E53BBD39","chunk_id":"cvsp0joh2ocs8","chunk_label":"unnamed-chunk-16"},{"row":241,"row_count":1,"visible":true,"expansion_state":0,"options":{"engine":"r","label":"unnamed-chunk-26","dev":"png"},"document_id":"E53BBD39","chunk_id":"cehud0qq42ono","chunk_label":"unnamed-chunk-19"},{"row":252,"row_count":1,"visible":true,"expansion_state":0,"options":{"engine":"r","label":"unnamed-chunk-28","dev":"png"},"document_id":"E53BBD39","chunk_id":"ckf6ff3ltcx22","chunk_label":"unnamed-chunk-21"}],"doc_write_time":1712956976}