"0","bivarie <- function(data, var1, var2) {"
"0","  if (!var1 %in% colnames(data)|!var2 %in% colnames(data)) {"
"0","    stop(""une des variables  n'existe pas dans le jeu de données."")"
"0","  }"
"0","  "
"0","  #  Type de données des variables"
"0","  var1_type <- class(data[[var1]])"
"0","  var2_type <- class(data[[var2]])"
"0","  "
"0","  # Statistiques bivariées"
"0","  if (var1_type %in% c(""numeric"", ""integer"") && var2_type %in% c(""numeric"", ""integer""))"
"0","    #Si les deux variables sont de type ""numeric"" ou ""integer"" "
"0","    {"
"0","    summary_stats <- cor(data[[var1]], data[[var2]]) #Donne le coefficient de corrélation"
"0","    stat_type <- ""Quantitative-Quantitative"""
"0","    "
"0","    sortie<-ggplot(data) +  #Nuage de point"
"0","  aes(x = var1, y = var2) + #definition de la taille, de la forme et de la couleur du point"
"0","  geom_point("
"0","    shape = ""circle"","
"0","    size = 2.65,"
"0","    colour = ""#B22222"""
"0","  ) +"
"0","  theme_linedraw() #définition du thème de fond "
"0"," print(summary_stats)   "
"0","  } else if (var1_type %in% c( ""factor"",""character"") && var2_type  %in% c( ""factor"",""character"")) {  "
"0","    summary_stats <- table(data[[var1]], data[[var2]]) #frequences des deux variables"
"0","    stat_type <- ""Qualitatif-Qualitatif"""
"0","    sortie <- ggplot(data, aes(x = !!sym(var1), fill = !!sym(var2))) +"
"0","      geom_bar() +"
"0","      labs(title = paste(""Diagramme en barres pour"", var1, ""et"", var2))"
"0","    print(summary_stats)"
"0","  } else {"
"0","      (var1_type %in% c( ""factor"",""character"")&& var2_type %in% c(""numeric"", ""integer""))    "
"0","    stat_type <- ""Qualitatif-Quantitatif"""
"0","   sortie=tbl_cross(data,var1,var2)"
"0","  #"
"0"," "
"0","  }"
"0","  # Affichage des résultats"
"0","  cat(""Résumé statistique bivarié (type de variables:"", stat_type, ""):\n"")"
"0",""
"0","  return(sortie)"
"0","}"
"0",""
