"0","  univariée <- function(data, var, graph = TRUE) {"
"0","  # Vérification de la variable"
"0","  if (!var %in% colnames(data)) {"
"0","    stop(""Cette variable  n'existe pas dans le jeu de données."")"
"0","  }"
"0","  "
"0","  # Sélection des données de la variable"
"0","  var_data <- data[[var]]"
"0","  "
"0","  # Calcul des statistiques descriptives"
"0","  if (is.numeric(var_data)) {  # Si la variable est quantitative"
"0","    stats <- freq(var_data)  #Donner le resumé statistique"
"0","    stats2=summary(var_data)"
"0","    print(stats2)"
"0","    if (graph) {"
"0","      par(mfrow = c(1, 2))  # Division la fenêtre graphique en 2 colonnes"
"0","      hist(var_data, main = paste(""Histogramme de"", var),col=""blue"")"
"0","      boxplot(var_data, main = paste(""Boxplot de"", var),col=""lightblue"")"
"0","    } #Affiche d'un histogramme et d'une boite à moustache"
"0","  } else if ((is.factor(var_data))|(is.character(var_data))) {  # Si la variable est qualitative"
"0","    stats2 <- table(var_data)"
"0","    stats=freq(var_data)"
"0","    if (length(levels(var_data)) == 2) {  # Si la variable a 2 modalités"
"0","      if (graph) {"
"0","        pie(stats2, main = paste(""Diagramme circulaire de"", var),col=c(""#88ADCC"",""#811F50""))"
"0","      }#Affichage d'un diagramme circulaire"
"0","   "
"0","    } else {  # Sinon si la variable a plus de 2 modalités"
"0","      if (graph) {"
"0","        barplot(stats2, main = paste(""Diagramme en barres de"", var),col=""#0C4C8A"")"
"0","      }#Affichage d'un diagramme en barre"
"0","    }"
"0","  } else {"
"0","    stop(""La variable doit etre de type numeric*,factor*,character*"")"
"0","  }"
"0","  "
"0","  # Affichage des statistiques descriptives"
"0","  cat(""Statistiques descriptives pour la variable"", var, "":\n"")"
"0","  print(stats)"
"0","  "
"0","}"
"0",""
