"0","creation_base=function(data,var1,var2,var3,var4,Val){ "
"0","#1er dataframe contenantt uniquement 3 variables:"
"0","#Region.Name dont les observations sont toutes ""western Africa"",End.Year contient les années d'élaboration de l'indice,""Val"" contenant les moyennes des indices des pays du monde pour chaque année"
"0","data1=data %>%"
"0","  filter({{var2}} %in%"
"0","           c(""BEN"",""BFA"",""CPV"",""CIV"",""GMB"",""GHA"",""GNB"",""GIN"",""LBR"",""MLI"",""MRT"",""NER"",""NGA"",""SEN"",""SLE"",""TGO"")) %>%"
"0"," arrange({{var3}},{{var2}}) %>% "
"0"," group_by({{var3}}) %>%"
"0","   mutate(Val= mean({{var4}},na.rm = T)) %>%  "
"0","mutate({{ var1 }} := ""western Africa"") %>%"
"0","  select({{var1}},{{var3}},{{Val}}) %>%                                                                "
"0","  distinct()"
"0"," "
"0","#2eme data.frame constitué de 3 variables :"
"0","#Region.Name dont les observations sont ""world"";End.Year contient les années d'élaboration de l'indice; Val contenant les moyennes des indices des pays du monde pour chaque année"
"0","data2=data %>%"
"0","  arrange({{var3}},{{var2}}) %>% "
"0"," group_by({{var3}}) %>%"
"0","   mutate(Val= mean({{var4}},na.rm = T)) %>%  "
"0","mutate({{ var1 }} := ""world"")  %>% "
"0","  select({{var1}},{{var3}},{{Val}}) %>%         "
"0","  distinct() "
"0","##3e dataframe niger(Region.Name a commme observations Niger; End.Year, les années ; Val , la valeur des indices du Niger pour chaque année)"
"0","data3 <- data %>%"
"0","    filter({{ var2 }} == ""NER"") %>% "
"0","  mutate({{Val}} :={{ var4 }} )  %>% "
"0","    select({{ var1 }}, {{ var3 }}, {{ Val }}) "
"0","#Fusion de des trois dataframe créés plus haut pour obtenir notre base sur laquelle on va travailler"
"0","Base=bind_rows(data1, data2,data3)%>% "
"0","  arrange({{var3}})"
"0","return(Base)"
"0","}"
"0",""
