{"chunk_definitions":[{"row":11,"row_count":1,"visible":true,"expansion_state":0,"options":{"engine":"r","label":"setup","include":false,"dev":"png"},"document_id":"E53BBD39","chunk_id":"csetup_chunk","chunk_label":"setup"},{"row":30,"row_count":1,"visible":true,"expansion_state":0,"options":{"engine":"r","label":"unnamed-chunk-48","dev":"png"},"document_id":"E53BBD39","chunk_id":"cfd9zdcqw5ek3","chunk_label":"unnamed-chunk-1"},{"row":39,"row_count":1,"visible":true,"expansion_state":0,"options":{"engine":"r","label":"unnamed-chunk-49","dev":"png"},"document_id":"E53BBD39","chunk_id":"ct4zisqthonlj","chunk_label":"unnamed-chunk-2"},{"row":45,"row_count":1,"visible":true,"expansion_state":0,"options":{"engine":"r","label":"unnamed-chunk-50","dev":"png"},"document_id":"E53BBD39","chunk_id":"c2hh7ztytce9r","chunk_label":"unnamed-chunk-3"},{"row":53,"row_count":1,"visible":true,"expansion_state":0,"options":{"engine":"r","label":"unnamed-chunk-51","dev":"png"},"document_id":"E53BBD39","chunk_id":"clldx1nftly43","chunk_label":"unnamed-chunk-4"},{"row":73,"row_count":1,"visible":true,"expansion_state":0,"options":{"engine":"r","label":"unnamed-chunk-52","dev":"png"},"document_id":"E53BBD39","chunk_id":"crnqz3la0b7tq","chunk_label":"unnamed-chunk-5"},{"row":80,"row_count":1,"visible":true,"expansion_state":0,"options":{"engine":"r","label":"unnamed-chunk-53","dev":"png"},"document_id":"E53BBD39","chunk_id":"cnsxvrchcu0ff","chunk_label":"unnamed-chunk-6"},{"row":93,"row_count":1,"visible":true,"expansion_state":0,"options":{"engine":"r","label":"unnamed-chunk-54","dev":"png"},"document_id":"E53BBD39","chunk_id":"cj1b8tnkkbble","chunk_label":"unnamed-chunk-7"},{"row":100,"row_count":1,"visible":true,"expansion_state":0,"options":{"engine":"r","label":"unnamed-chunk-55","dev":"png"},"document_id":"E53BBD39","chunk_id":"calzlq2dguqz5","chunk_label":"unnamed-chunk-8"},{"row":120,"row_count":1,"visible":true,"expansion_state":0,"options":{"engine":"r","label":"unnamed-chunk-56","dev":"png"},"document_id":"E53BBD39","chunk_id":"cj17loswswexn","chunk_label":"unnamed-chunk-9"},{"row":207,"row_count":1,"visible":true,"expansion_state":0,"options":{"engine":"r","label":"unnamed-chunk-62","dev":"png"},"document_id":"E53BBD39","chunk_id":"c2qvdq4hw2dso","chunk_label":"unnamed-chunk-15"},{"row":215,"row_count":1,"visible":true,"expansion_state":0,"options":{"engine":"r","label":"unnamed-chunk-66","dev":"png"},"document_id":"E53BBD39","chunk_id":"cuuyip1xh2h1e","chunk_label":"unnamed-chunk-16"},{"row":267,"row_count":1,"visible":true,"expansion_state":0,"options":{"engine":"r","label":"unnamed-chunk-73","dev":"png"},"document_id":"E53BBD39","chunk_id":"cl7pikpm8frhk","chunk_label":"unnamed-chunk-20"}],"doc_write_time":1712974838,"working_dir":null,"default_chunk_options":{"error":false,"echo":true,"warning":false,"message":false}}