{"chunk_definitions":[{"row":10,"row_count":1,"visible":true,"expansion_state":0,"options":{"engine":"r","label":"setup","include":false,"dev":"png"},"document_id":"46C2D0D4","chunk_id":"csetup_chunk","chunk_label":"setup"},{"row":20,"row_count":1,"visible":true,"expansion_state":0,"options":{"engine":"r","label":"unnamed-chunk-1","dev":"png"},"document_id":"46C2D0D4","chunk_id":"c5stzcf79ei3l","chunk_label":"unnamed-chunk-1"},{"row":28,"row_count":1,"visible":true,"expansion_state":0,"options":{"engine":"r","label":"unnamed-chunk-2","dev":"png"},"document_id":"46C2D0D4","chunk_id":"c8opg2m2u87vx","chunk_label":"unnamed-chunk-2"},{"row":41,"row_count":1,"visible":true,"expansion_state":0,"options":{"engine":"r","label":"unnamed-chunk-3","dev":"png"},"document_id":"46C2D0D4","chunk_id":"cpayjzzbmohgn","chunk_label":"unnamed-chunk-3"},{"row":63,"row_count":1,"visible":true,"expansion_state":0,"options":{"engine":"r","label":"unnamed-chunk-4","dev":"png"},"document_id":"46C2D0D4","chunk_id":"cdmq2yuosteem","chunk_label":"unnamed-chunk-4"},{"row":77,"row_count":1,"visible":true,"expansion_state":0,"options":{"engine":"r","label":"unnamed-chunk-5","dev":"png"},"document_id":"46C2D0D4","chunk_id":"c7yc0cx83vyv9","chunk_label":"unnamed-chunk-5"},{"row":88,"row_count":1,"visible":true,"expansion_state":0,"options":{"engine":"r","label":"unnamed-chunk-6","dev":"png"},"document_id":"46C2D0D4","chunk_id":"c1uo6sq92fbj0","chunk_label":"unnamed-chunk-6"},{"row":95,"row_count":1,"visible":true,"expansion_state":0,"options":{"engine":"r","label":"unnamed-chunk-7","dev":"png"},"document_id":"46C2D0D4","chunk_id":"cldv7kwzct8gx","chunk_label":"unnamed-chunk-7"},{"row":108,"row_count":1,"visible":true,"expansion_state":0,"options":{"engine":"r","label":"unnamed-chunk-8","dev":"png"},"document_id":"46C2D0D4","chunk_id":"cysar8b0o62j2","chunk_label":"unnamed-chunk-8"}],"doc_write_time":1713934973,"working_dir":null,"default_chunk_options":{"error":false,"echo":true,"warning":false,"message":false}}