{"chunk_definitions":[{"row":10,"row_count":1,"visible":true,"expansion_state":0,"options":{"engine":"r","label":"setup","include":false,"dev":"png"},"document_id":"46C2D0D4","chunk_id":"csetup_chunk","chunk_label":"setup"},{"row":18,"row_count":1,"visible":true,"expansion_state":0,"options":{"engine":"r","label":"unnamed-chunk-86","dev":"png"},"document_id":"46C2D0D4","chunk_id":"c5stzcf79ei3l","chunk_label":"unnamed-chunk-1"},{"row":26,"row_count":1,"visible":true,"expansion_state":0,"options":{"engine":"r","label":"unnamed-chunk-87","dev":"png"},"document_id":"46C2D0D4","chunk_id":"c8opg2m2u87vx","chunk_label":"unnamed-chunk-2"},{"row":39,"row_count":1,"visible":true,"expansion_state":0,"options":{"engine":"r","label":"unnamed-chunk-88","dev":"png"},"document_id":"46C2D0D4","chunk_id":"cegt6r5hhx1jt","chunk_label":"unnamed-chunk-3"},{"row":61,"row_count":1,"visible":true,"expansion_state":0,"options":{"engine":"r","label":"unnamed-chunk-89","dev":"png"},"document_id":"46C2D0D4","chunk_id":"cmfyc6571kjmg","chunk_label":"unnamed-chunk-4"},{"row":75,"row_count":1,"visible":true,"expansion_state":0,"options":{"engine":"r","label":"unnamed-chunk-90","dev":"png"},"document_id":"46C2D0D4","chunk_id":"c0v44av7wfmmg","chunk_label":"unnamed-chunk-5"},{"row":86,"row_count":1,"visible":true,"expansion_state":0,"options":{"engine":"r","label":"unnamed-chunk-91","dev":"png"},"document_id":"46C2D0D4","chunk_id":"ckjkv3eiz84s7","chunk_label":"unnamed-chunk-6"},{"row":93,"row_count":1,"visible":true,"expansion_state":0,"options":{"engine":"r","label":"unnamed-chunk-92","dev":"png"},"document_id":"46C2D0D4","chunk_id":"cguvcihszjn71","chunk_label":"unnamed-chunk-7"},{"row":132,"row_count":1,"visible":true,"expansion_state":0,"options":{"engine":"r","label":"unnamed-chunk-93","dev":"png"},"document_id":"46C2D0D4","chunk_id":"cgrefd0xbfein","chunk_label":"unnamed-chunk-8"},{"row":142,"row_count":1,"visible":true,"expansion_state":0,"options":{"engine":"r","label":"unnamed-chunk-94","dev":"png"},"document_id":"46C2D0D4","chunk_id":"ciy9h7p2pffoy","chunk_label":"unnamed-chunk-9"},{"row":164,"row_count":1,"visible":true,"expansion_state":0,"options":{"engine":"r","label":"unnamed-chunk-95","dev":"png"},"document_id":"46C2D0D4","chunk_id":"c9dw226rbo09g","chunk_label":"unnamed-chunk-10"},{"row":181,"row_count":1,"visible":true,"expansion_state":0,"options":{"engine":"r","label":"unnamed-chunk-96","dev":"png"},"document_id":"46C2D0D4","chunk_id":"ci9n4sf7rcyzl","chunk_label":"unnamed-chunk-11"},{"row":192,"row_count":1,"visible":true,"expansion_state":0,"options":{"engine":"r","label":"unnamed-chunk-97","dev":"png"},"document_id":"46C2D0D4","chunk_id":"cd2crkeutq7hk","chunk_label":"unnamed-chunk-12"},{"row":200,"row_count":1,"visible":true,"expansion_state":0,"options":{"engine":"r","label":"unnamed-chunk-98","dev":"png"},"document_id":"46C2D0D4","chunk_id":"cqck2cjxb72s6","chunk_label":"unnamed-chunk-13"},{"row":237,"row_count":1,"visible":true,"expansion_state":0,"options":{"engine":"r","label":"unnamed-chunk-99","dev":"png"},"document_id":"46C2D0D4","chunk_id":"c2vhgv833f2o1","chunk_label":"unnamed-chunk-14"},{"row":248,"row_count":1,"visible":true,"expansion_state":0,"options":{"engine":"r","label":"unnamed-chunk-100","dev":"png"},"document_id":"46C2D0D4","chunk_id":"crydbzuiupggj","chunk_label":"unnamed-chunk-15"},{"row":266,"row_count":1,"visible":true,"expansion_state":0,"options":{"engine":"r","label":"unnamed-chunk-106","dev":"png"},"document_id":"46C2D0D4","chunk_id":"chxobx0o7hjn3","chunk_label":"unnamed-chunk-16"},{"row":280,"row_count":1,"visible":true,"expansion_state":0,"options":{"engine":"r","label":"unnamed-chunk-107","dev":"png"},"document_id":"46C2D0D4","chunk_id":"cxznvsertpkxv","chunk_label":"unnamed-chunk-17"},{"row":293,"row_count":1,"visible":true,"expansion_state":0,"options":{"engine":"r","label":"unnamed-chunk-108","dev":"png"},"document_id":"46C2D0D4","chunk_id":"c4dfae1vofvio","chunk_label":"unnamed-chunk-18"},{"row":301,"row_count":1,"visible":true,"expansion_state":0,"options":{"engine":"r","label":"unnamed-chunk-109","dev":"png"},"document_id":"46C2D0D4","chunk_id":"cxuret7xx96f5","chunk_label":"unnamed-chunk-19"},{"row":338,"row_count":1,"visible":true,"expansion_state":0,"options":{"engine":"r","label":"unnamed-chunk-129","dev":"png"},"document_id":"46C2D0D4","chunk_id":"cwl0ckkb78xnk","chunk_label":"unnamed-chunk-20"}],"doc_write_time":1714163525,"working_dir":null,"default_chunk_options":{"error":false,"echo":true,"warning":false,"message":false},"chunk_rendered_width":700}